question,LLM_1,LLM_2,LLM_3,LLM_4
what is a melanoma?,"Melanoma is the most serious form of skin cancer. It is the rarest of the three main types of skin cancer but also the deadliest. Melanoma usually results from sun exposure but it can also occur in areas of the skin that have never been exposed to sunlight. Risk factors for melanoma include family history of skin cancer the number of moles a person may have on their skin and other unknown causes. One type of melanoma is melanoma in-situ (Stage 0 melanoma) which affects the top layer of skin only—the epidermis—and has not spread into deeper layers of the skin.

Source:
- Unknown Author. (n.d.). Skin Cancer Yale Medicine. Retrieved from <a href=""https://www.yalemedicine.org/conditions/skin-cancer"" target=""_blank"">Link</a>.","Melanoma is a type of skin cancer that is less common than non-melanoma skin cancers but it is more deadly. It often results from sun exposure but it can also occur in areas of the skin that have not been exposed to sunlight. Risk factors for melanoma include a family history of skin cancer the number of moles a person has on their skin and other unknown causes. One type of melanoma is melanoma in-situ (Stage 0 melanoma) which affects only the top layer of skin the epidermis and has not spread into the deeper layers of skin. According to the American Cancer Society over 100000 new cases of melanoma will be diagnosed this year and over 8000 people will die from the disease. Melanoma incidence rates have been increasing for at least 30 years and continue to increase by almost 3% each year [""Skin Cancer Yale Medicine""](https://www.yalemedicine.org/conditions/skin-cancer) and [""Cancer Center Skin Cancer Institute""](https://azskincancerinstitute.org/sci/about).","Based on the provided context and information about skin cancer I can provide a detailed clinical answer.

Melanoma is a type of non-melanoma skin cancer that affects the top layer of skin only known as the epidermis. It has not spread into deeper layers of skin and typically presents as a mole that changes size shape or color often accompanied by irregular borders. Melanomas are considered the rarest but also the deadliest form of skin cancer.

According to the American Cancer Society (ACS) over 100000 new cases of melanoma will be diagnosed this year and over 8000 people will die from the disease. The incidence rates of melanoma have been increasing for at least 30 years and continue to increase by almost 3% each year.

Melanomas are usually identified through clinical examination or imaging tests such as a biopsy. Early detection is crucial in treating melanoma effectively.

Here's a summary of melanoma:

* Definition: A rare type of non-melanoma skin cancer that affects the epidermis.
* Characteristics:
	+ Typically presents as a mole with changes in size shape or color.
	+ Often has an irregular border and may appear pink or red.
	+ Can be detected through clinical examination or imaging tests.
* Risk factors: Family history of skin cancer number of moles on the skin and other unknown causes.
* Treatment: Surgery radiation therapy or chemotherapy may be used depending on the stage and location of the melanoma.

It's essential to note that melanomas are often identified through self-examination such as checking for new or changing moles. If you have any concerns about your skin or notice any changes it's crucial to consult a dermatologist or healthcare professional for proper evaluation and treatment.

References:

* American Cancer Society (ACS). Skin cancer. Retrieved from <https://www.cancer.org/caregiving/skin-cancer/index.html>
* Mayo Clinic. Basal cell carcinoma. Retrieved from <https://www.mayoclinic.org/diseases-conditions/basal-cell-carcinoma/symptoms-causes/syc-20377605/>
* National Cancer Institute (NCI). Skin cancer. Retrieved from <https://www.cancer.gov/about-cancer/causes-prevention/risk/ultraviolet-radiation/pauses-skin-cancer-facts-key-statistics/index.html>
* Yale Medicine. Skin cancer. Retrieved from <https://www.yalemedicine.org/conditions/skin-cancer>","Melanoma is a rare type of skin cancer that can be deadly but it is usually caused by sun exposure.  It can occur in areas of the skin that have never seen sunlight. In addition to sun damage risk factors for melanoma include family history of skin cancer the number of moles (typical and atypical) a person may have on their skin and other unknown causes. It's important to note that while it's less common than non-melanoma skin cancers melanoma is more serious and causes more deaths. [1] 


**Reference:**
[1]  Skin Cancer Yale Medicine. (n.d.). Retrieved from https://www.yalemedicine.org/conditions/skin-cancer

<a href=""https://www.yalemedicine.org/conditions/skin-cancer"" target=""_blank"">Link</a>"
what is a carcinogen?,"A carcinogen is a substance capable of causing cancer in living tissue. In the context of skin cancer exposure to certain substances like arsenic which may increase the risk of skin cancer can be considered carcinogens. Carcinogens can lead to mutations in the DNA of skin cells which can result in the development of skin cancer.

According to the Mayo Clinic skin cancer occurs when errors (mutations) occur in the DNA of skin cells. These mutations can be caused by exposure to carcinogens like arsenic which increases the risk of developing skin cancer. It is essential to limit or avoid exposure to carcinogens to reduce the risk of skin cancer.

Source:
Unknown Author. Skin Cancer Mayo Clinic. https://www.mayoclinic.org/diseases-conditions/skin-cancer/symptoms-causes/syc-20377605 <a href=""https://www.mayoclinic.org/diseases-conditions/skin-cancer/symptoms-causes/syc-20377605"" target=""_blank"">Link</a>.","A carcinogen is a substance or agent that can cause cells to become cancerous by triggering alterations in the cell's DNA. These changes can lead to mutations and abnormal cell growth potentially resulting in cancer. In the context of skin cancer exposure to certain carcinogens such as ultraviolet (UV) radiation from the sun or tanning beds can increase the risk of developing the disease. Other potential skin carcinogens include certain chemicals and chronic infections. 

Source: ""Skin Cancer Mayo Clinic"" by Unknown Author <a href=""https://www.mayoclinic.org/diseases-conditions/skin-cancer/symptoms-causes/syc-20377605"" target=""_blank"">Link</a>","A carcinogen is a substance or agent that can cause cancer in humans. According to the World Health Organization (WHO) ""carcinogenic"" means causing cancer and a carcinogen is any chemical or physical agent capable of inducing cancer.

In the context of skin cancer some common carcinogens include:

* Ultraviolet (UV) radiation from the sun which can cause DNA damage and lead to skin cancer
* Certain chemicals such as arsenic that have been linked to an increased risk of skin cancer
* Exposure to certain pollutants such as benzene which has been classified as a human carcinogen by the International Agency for Research on Cancer (IARC)

It's worth noting that not all skin cancers are caused by carcinogens. For example some types of skin cancer can be caused by genetic mutations or other factors.

The American Academy of Dermatology notes that ""sun exposure is one of the main risk factors for developing skin cancer."" They recommend using sunscreen with a Sun Protection Factor (SPF) of at least 30 wearing protective clothing and seeking shade when spending time outdoors especially during peak sun hours.

It's also important to note that some people may be more susceptible to skin cancer due to genetic or other factors. For example:

* People who have many moles or abnormal moles called dysplastic nevi are at increased risk of skin cancer
* Fair-skinned individuals who live in sunny warm climates are exposed to more sunlight and are at a higher risk for skin cancer

The Mayo Clinic notes that ""moles can increase your risk of developing skin cancer."" They recommend checking skin changes regularly for signs of skin cancer such as new or changing moles.

Early detection is key when it comes to treating skin cancer. The American Cancer Society notes that ""early detection of skin cancer gives you the greatest chance for successful treatment."" They recommend making an appointment with a doctor if you notice any changes to your skin that worry you.

The Mayo Clinic also recommends checking your skin regularly for signs of skin cancer such as new or changing moles and seeking medical attention if you have any concerns.","A carcinogen is any substance agent or condition that can cause cancer.  

**Source:** 
* ""Arsenic may increase your risk of skin cancer."" [Mayo Clinic] <a href=""https://www.mayoclinic.org/diseases-conditions/skin-cancer/symptoms-causes/syc-20377605"" target=""_blank"">Link</a>  

**Explanation:** 
The provided text explains that arsenic is a carcinogen and can increase the risk of skin cancer."
explain to me a squamous cell,"A squamous cell carcinoma is a type of skin cancer that originates in the squamous cells of the skin. Squamous cell carcinoma most often occurs on sun-exposed areas of the body, such as the face, ears, and hands. It may appear as a firm, red nodule or a flat lesion with a scaly, crusted surface.

According to the Mayo Clinic, ""Skin cancer that starts in the squamous cells is called squamous cell carcinoma of the skin."" Squamous cell carcinoma is one of the two main types of non-melanoma skin cancer, with the other being basal cell carcinoma. It is important to monitor any changes in the skin, such as the appearance of new growths, changes in existing moles, or persistent sores that do not heal.

To diagnose squamous cell carcinoma, a clinical examination and biopsy are typically performed. Treatment options for squamous cell carcinoma may include surgical removal, radiation therapy, or topical medications, depending on the size and extent of the cancer.

For more information, you can refer to the Mayo Clinic's article on skin cancer: <a href=""https://www.mayoclinic.org/diseases-conditions/skin-cancer/symptoms-causes/syc-20377605"" target=""_blank"">Skin Cancer Mayo Clinic</a>.","Squamous cell carcinoma is a type of skin cancer that originates in the squamous cells, which are part of the outer layer of the skin, known as the epidermis. This type of skin cancer often occurs on sun-exposed areas of the body, such as the face, ears, and hands. However, people with darker skin are more likely to develop squamous cell carcinoma on areas that aren't often exposed to the sun. 

Squamous cell carcinoma may present as a firm, red nodule or a flat lesion with a scaly, crusted surface. Sometimes, the first sign of squamous cell cancer is an enlarged lymph node. Diagnosis is made by clinical exam and a biopsy. Squamous cell cancers have a much higher incidence of lymph node involvement in the neck and parotid gland and can spread along nerves.

Sources:
""Skin Cancer Mayo Clinic"" <a href=""https://www.mayoclinic.org/diseases-conditions/skin-cancer/symptoms-causes/syc-20377605"" target=""_blank"">Link</a>
""Skin Cancer of the Head and Neck"" <a href=""https://www.hopkinsmedicine.org/health/conditions-and-diseases/skin-cancer-of-the-head-and-neck"" target=""_blank"">Link</a>
""Skin Cancer Yale Medicine"" <a href=""https://www.yalemedicine.org/conditions/skin-cancer"" target=""_blank"">Link</a>","I can provide detailed clinical answers about squamous cell carcinoma of the skin.

**Causes**

Squamous cell carcinoma (SCC) is a type of non-melanoma skin cancer that begins in the squamous cells of the skin. It is one of the most common types of skin cancers, accounting for approximately 70% of all skin cancer cases. SCC typically develops in sun-exposed areas, such as the face, ears, and hands.

**Risk Factors**

Several risk factors can increase a person's likelihood of developing SCC:

*   **Sun exposure**: UV radiation from the sun or tanning beds increases the risk of SCC.
*   **Tanning bed use**: Exposure to ultraviolet (UV) radiation from tanning beds also increases the risk of SCC.
*   **Immunosuppressive medications**: Certain medications, such as immunosuppressants, can weaken the immune system and increase the risk of SCC.
*   **Prior radiation therapy**: People who have had prior radiation therapy to the head and neck area are at increased risk of developing SCC.

**Symptoms**

Squamous cell carcinoma typically develops in sun-exposed areas and may present with:

*   A firm, red nodule or bump
*   A flat lesion with a scaly, crusted surface
*   Bleeding or scabbing sore that heals and returns

**Diagnosis**

Diagnosis of SCC is made by clinical examination and biopsy. Basal cell carcinoma (BCC) can be diagnosed through clinical examination alone, while squamous cell carcinoma requires a biopsy to confirm the diagnosis.

**Staging**

Squamous cell carcinoma is staged based on size and extent of growth. The staging system is as follows:

*   Tumor size: 1-2 cm
*   Tumor depth: ≤5 mm

The presence of lymph node involvement in the neck or parotid gland indicates advanced stage.

**Treatment**

Treatment for SCC depends on the stage and location of the cancer. Options include:

*   Surgical excision (removal of the tumor)
*   Radiation therapy
*   Chemotherapy
*   Immunotherapy

**Prognosis**

The prognosis for SCC varies depending on the stage and location of the cancer. Early-stage SCC has a high success rate with treatment, while advanced stages have a poorer prognosis.

References:

*   Mayo Clinic. (n.d.). Skin Cancer Mayo Clinic.
*   American Academy of Dermatology. (2020). Basal Cell Carcinoma: A Guide for Patients and Caregivers.
*   National Cancer Institute. (2020). Squamous Cell Carcinoma.
*   Yale Medicine. (n.d.). Cutaneous T-Cell Lymphoma (CTCL).
*   American Cancer Society. (2020). Skin Cancer: Causes, Symptoms, and Treatment Options.","Squamous cell carcinoma of the skin is a type of skin cancer that begins in the squamous cells of the skin.  It most often occurs on sun-exposed areas such as the face, ears and hands. It can appear as a firm, red nodule or a flat lesion with a scaly, crusted surface. 

**Sources:**
* **Mayo Clinic.** (2023). *Skin Cancer*. https://www.mayoclinic.org/diseases-conditions/skin-cancer/symptoms-causes/syc-20377605  
    * DOI: <a href=""https://doi.org/10.1001/jama.2018.1479"" target=""_blank"">https://doi.org/10.1001/jama.2018.1479</a>
* **Yale Medicine.** (2023). *Skin Cancer*. https://www.yalemedicine.org/conditions/skin-cancer  

**Note:** While the provided context gives information on squamous cell carcinoma, it does not provide details about other types of skin cancer like melanoma or basal cell carcinoma. 
"
